{
  "project_info": {
    "project_number": "872018935944",
    "firebase_url": "https://madprojectfall22-default-rtdb.firebaseio.com",
    "project_id": "madprojectfall22",
    "storage_bucket": "madprojectfall22.appspot.com"
  },
  "client": [
    {
      "client_info": {
        "mobilesdk_app_id": "1:872018935944:android:041402f786ff0c77171f3d",
        "android_client_info": {
          "package_name": "com.example.atyourservice"
        }
      },
      "oauth_client": [
        {
          "client_id": "872018935944-9hjhdkcis757a0dkvmn495rihlrl7krj.apps.googleusercontent.com",
          "client_type": 1,
          "android_info": {
            "package_name": "com.example.atyourservice",
            "certificate_hash": "54da96773dbc8431b493997f69320e0cd8135c46"
          }
        },
        {
          "client_id": "872018935944-mnmjctv4b0m9s2a89ksh0e19ku85vs5v.apps.googleusercontent.com",
          "client_type": 1,
          "android_info": {
            "package_name": "com.example.atyourservice",
            "certificate_hash": "042e70c4455cce464ce3b28b836dbe8266391b92"
          }
        },
        {
          "client_id": "872018935944-qop6o6vd7eoojmm6ho3okrrtlp98spao.apps.googleusercontent.com",
          "client_type": 3
        }
      ],
      "api_key": [
        {
          "current_key": "AIzaSyBx5Ldte--YmPteW9CmTqSqYh6X7zkYRyI"
        }
      ],
      "services": {
        "appinvite_service": {
          "other_platform_oauth_client": [
            {
              "client_id": "872018935944-qop6o6vd7eoojmm6ho3okrrtlp98spao.apps.googleusercontent.com",
              "client_type": 3
            }
          ]
        }
      }
    }
  ],
  "configuration_version": "1"
}